Content,Video title,Video publish time,Duration,Engaged views,Average view duration,Average percentage viewed (%),Stayed to watch (%),Unique viewers,Average views per viewer,New viewers,Returning viewers,Casual viewers,Regular viewers,YouTube ad revenue (USD),Ad impressions,Playback-based CPM (USD),CPM (USD),RPM (USD),YouTube Premium views,Post subscribers,Views,Watch time (hours),Subscribers,Estimated revenue (USD),Impressions,Impressions click-through rate (%)
Total,,,,1212171,0:12:38,14.8,58.74,0,0,0,0,0,0,18782.281,1941391,26.307,9.675,9.83,406002,73,1368922,255523.5461,27457,11841.046,15214618,4.1
-1aSoZ1ffTg,"Robert Greene on Ego Traps, The Art of Control, & How to Stay Irreplaceable","Oct 14, 2025",4778,560038,0:16:24,20.6,100,,,,,,,9553.67,1215859,22.357,7.858,10.857,147731,0,560038,153091.8107,9353,6051.71,9456913,3.67
EVDQ1MijHbk,Dan Koe: How To Get Ahead Of 99% Of People in 2026,"Dec 30, 2025",5716,84838,0:08:01,8.42,,,,,,,,934.099,102949,18.007,9.073,6.921,19891,0,84838,11347.346,2248,583.926,740904,5.19
6tTLUuD06AY,"The Clothing Brand That Should’ve Died, But Became a Cult.","Nov 25, 2025",6914,81964,0:15:45,13.67,,,,,,,,2388.851,184760,42.734,12.929,17.635,20933,0,81964,21526.2013,1628,1441.906,854166,5.16
uI5Qo58FqiE,The Most Valuable Marketing Conversation You’ll Watch in 2025,"Aug 20, 2025",6591,69545,0:12:37,11.5,,,,,,,,1063.767,74643,33.115,14.251,9.801,21904,0,69545,14638.2581,1711,681.081,808354,4.94
VcqQmrGqthg,Content Masterclass: The Most Valuable 3 Hours For Any Business Owner in 2026,"Jan 29, 2026",9199,52627,0:10:59,7.17,,,,,,,,639.195,60458,23.813,10.573,8.059,16800,0,52627,9637.3003,858,409.42,478704,6.55
g8i0FYcJEAE,The Branding Expert: Why Most Personal Brands Fail,"Jul 10, 2025",7456,39893,0:14:00,11.27,,,,,,,,673.466,58175,29.101,11.577,10.807,11570,0,39893,9311.1113,817,430.493,472637,4.82
Yl_HLGoWWJE,How to Actually Dominate on YouTube in 2026,"Jan 19, 2026",9429,33498,0:14:09,9.01,,,,,,,,359.932,40594,20.481,8.867,8.124,13416,0,33498,7901.0115,437,266.098,371704,5.26
2eGds8kLszE,$200M CEO: How To Build and Scale Your Online Business in 2026 (Masterclass),"Dec 5, 2025",7770,31917,0:13:11,10.19,,,,,,,,983.906,56610,47.711,17.38,18.856,10784,0,31917,7014.2015,926,600.24,315271,4.88
b-fTeo4a9N8,Why 99% of Creators Will Be Replaced by AI (And How to Be the 1%),"Sep 25, 2025",6723,25312,0:12:12,10.9,,,,,,,,664.159,42801,40.824,15.517,16.028,8106,0,25312,5151.3044,913,405.349,211573,5.28
ccGFIAfyNyg,The TikTok Growth Expert: The Strategy That’s Printing Millions Right Now,"Jun 5, 2025",6367,19737,0:10:13,9.64,,,,,,,,450.69,31082,40.79,14.5,13.543,5158,0,19737,3365.3849,406,266.906,205665,4.89
mdqvLXm48aE,The New Way to Run Meta Ads in 2025,"Jun 19, 2025",5803,16471,0:10:21,10.71,,,,,,,,454.39,25690,44.71,17.687,16.317,4977,0,16471,2842.8865,492,267.929,178648,4.68
sgpmGr1e3iI,Mark Manson: When Quitting Is the Smartest Business Move,"Dec 17, 2025",8390,10298,0:15:26,11.04,,,,,,,,183.082,16127,36.427,11.353,12.092,3661,0,10298,2650.3553,176,123.653,130994,4.29
9yjGTflQDbg,5 Wealth Lessons I Wish I Knew in My 20's,"Sep 9, 2025",8611,5787,0:13:21,9.31,,,,,,,,112.343,8631,31.051,13.016,12.445,2113,0,5787,1289.1914,98,71.873,82677,3.5
yhNcUzoHB_4,The Calculated Systems Skullcandy’s CEO Uses (That Entrepreneurs Don’t),"Jul 31, 2025",7087,5598,0:11:12,9.49,,,,,,,,90.523,6527,30.164,13.869,10.575,1948,0,5598,1046.2329,99,59.187,93381,3.36
a5MNtvWm94k,The $1.5M Ad Is Dead: AI Changed Everything,"Sep 30, 2025",19,4865,0:00:21,115.45,70.77,,,,,,,,,,,0.21,3989,0,9582,30.3222,16,1.022,7317,2.6
Gd4WYAaKVL8,How Steve Jobs Turned a Rival Into an Acquisition 🔥,"Oct 31, 2025",36,4729,0:00:36,101.02,72.26,,,,,,,,,,,0.191,3451,0,9191,48.3982,12,0.902,5108,3.52
UtsHkR7TFvo,Why Most Supplement Companies Fail — and This One Didn’t,"Oct 29, 2025",6870,4469,0:11:04,9.68,,,,,,,,107.61,6642,44.248,16.201,14.665,1400,0,4469,825.3236,88,65.371,61602,2.62
l6BpG8ff3Qc,This Is How a T-Shirt Brand Outsmarted the Entire Industry,"May 15, 2025",7924,4220,0:14:46,11.19,,,,,,,,40.421,2972,16.532,13.601,7.237,1374,0,4220,1039.2027,45,30.473,53007,4.11
hFTZ19fQ8wc,Why Disappearing Makes You More Powerful,"Oct 25, 2025",28,4126,0:00:24,89.12,63.38,,,,,,,,,,,0.225,2975,0,7923,29.4526,9,0.93,6084,4.06
uaensNCti9s,The Real Difference Between Specialists and Generalists,"Jan 8, 2026",24,3732,0:00:23,95.94,61.17,,,,,,,,,,,0.178,2797,0,7716,24.7586,20,0.663,6336,3.33
Ej11a06XLX4,Soon You’ll Ask YouTube for This Podcast in 15 Minutes,"Jan 21, 2026",29,3629,0:00:28,97.85,69.13,,,,,,,,,,,0.175,2747,0,6652,29.2601,13,0.636,3111,3.02
3_RRICr5748,Never Show Your Next Move,"Oct 17, 2025",27,3408,0:00:24,89.28,56,,,,,,,,,,,0.172,2016,0,7243,23.7992,23,0.585,7393,3.75
yNhl9rO5wQk,Quit his job to start $800M+ company,"Aug 10, 2025",52,3389,0:00:35,68.63,65.27,,,,,,,,,,,0.23,2088,0,6158,34.3751,9,0.779,3098,2.81
CHegs3ykk3A,The Most Important Law of Power,"Oct 19, 2025",35,3382,0:00:39,113.16,64.39,,,,,,,,,,,0.18,1700,0,7123,37.818,23,0.61,9718,4.75
0t2sX9jFCJA,The 5 Pillars of Wealth That Redefine Success,"Dec 29, 2025",48,3276,0:00:34,72.2,60.65,,,,,,,,,,,0.201,2079,0,6196,32.4323,28,0.658,5777,3.44
AHky1dF4ZvM,Inside the Four Years That Took Represent From $7M to $95M,"Nov 27, 2025",37,3208,0:00:28,77.74,68.43,,,,,,,,,,,0.233,2082,0,5804,26.1091,15,0.748,3703,2.92
GqqBTk08j_M,Real operators stay unpredictable.,"Nov 8, 2025",32,3032,0:00:33,103.13,51.93,,,,,,,,,,,0.198,1744,0,7087,28.7286,17,0.601,4781,3.2
UATe3yNi-GE,Why This Business Stayed Flat for Years Before Exploding Past $100M,"Jan 6, 2026",50,2904,0:00:34,68.32,67.48,,,,,,,,,,,0.151,1759,0,5314,28.0717,18,0.442,7061,3.19
5QMOscdsRKo,The Secret to Influencer Mailers That Actually Get Posted,"Aug 25, 2025",40,2680,0:00:32,81.28,59.52,,,,,,,,,,,0.152,2255,0,5161,24.9374,13,0.408,3986,3.26
UINXY7M4LfY,Think AI Replaces Creativity? Here’s the Truth,"Sep 28, 2025",38,2562,0:00:27,73.46,63.64,,,,,,,,,,,0.186,1797,0,4599,20.412,12,0.476,3500,1.74
l9_f1UgQrkE,What Keeps Billion-Dollar CEOs Up at Night,"Nov 2, 2025",42,2415,0:00:34,81.1,63.12,,,,,,,,,,,0.227,1505,0,4618,23.4552,8,0.549,3630,2.84
XAxI5_iQnKw,Why Outbound Is Overrated for Creators,"Oct 5, 2025",30,2352,0:00:20,67.85,61.2,,,,,,,,,,,0.202,1688,0,4348,13.8167,5,0.476,4943,2.89
NObkahH9oNY,The Miracle Molecule That Fuels Everything,"Nov 5, 2025",45,2335,0:00:45,100.94,64.67,,,,,,,,,,,0.255,1967,0,4658,29.9465,6,0.595,2221,1.44
z-mEvU6mPfo,Stop giving your best ad space to someone else.,"Aug 9, 2025",15,2308,0:00:16,109.42,67.49,,,,,,,,,,,0.218,1990,0,4727,10.8943,1,0.504,2311,2.68
iWo-1nQxcXU,12 Habits That Fix 98% Of Your Problems,"Apr 25, 2025",6770,2283,0:14:16,12.65,,,,,,,,11.126,1489,9.06,7.472,4.376,793,0,2283,542.9246,17,9.914,38203,3.31
8DMQUwcGXjQ,"Hire Racehorses, Not Slugs ⚡","Nov 3, 2025",19,2232,0:00:18,95.87,63.92,,,,,,,,,,,0.252,1592,0,4641,11.7986,1,0.563,2236,2.24
sYvEHBDokNs,The Biggest Cheat Code for Social Media Growth (It’s Not Strategy),"Jan 31, 2026",30,2171,0:00:24,81.12,61.8,,,,,,,,,,,0.185,1585,0,4202,15.2714,4,0.401,7513,3.61
yHgRJyD5UVk,Viral Videos Made by AI Clones,"Nov 10, 2025",33,2070,0:00:26,79.22,59.72,,,,,,,,,,,0.146,1578,0,4009,15.596,1,0.302,2769,2.89
FoTVLPQna2Y,Why Stores Are Struggling — and How to Reinvent Them,"Nov 18, 2025",6204,2049,0:08:54,8.62,,,,,,,,40.23,2692,34.414,14.944,11.902,669,0,2049,304.3439,26,24.284,51298,1.98
U61CQGxEaMM,How to Write a Killer Hook in Under 10 Seconds,"Feb 5, 2026",42,2034,0:00:34,81.41,67.44,,,,,,,,,,,0.198,1416,0,3645,19.7034,5,0.397,4525,3.93
DZHM7eR11Sc,Why People Don’t Buy Your Content (Content Minutes Explained),"Feb 1, 2026",50,1964,0:00:32,65.15,63.06,,,,,,,,,,,0.173,1511,0,3654,18.1981,10,0.34,7779,4.01
91Gelr_rUrg,Viral Videos Made by AI Clones,"Oct 1, 2025",33,1941,0:00:24,75.54,57.07,,,,,,,,,,,0.201,1429,0,3922,13.9518,4,0.391,4020,1.79
hc8O_PNahvk,Why Creative Volume Is the Only Real Scaling Strategy,"Dec 7, 2025",28,1933,0:00:24,87.37,63.27,,,,,,,,,,,0.199,1914,0,3946,13.6179,7,0.384,4648,3.18
GIygFRzmlyY,The Campaign That Made Afterpay a Verb,"Nov 20, 2025",57,1695,0:00:34,61.4,66.25,,,,,,,,,,,0.164,1226,0,3004,16.8369,16,0.278,3291,2.04
NNRfxsRYvj4,Every time we stopped posting—ads took a hit 📉,"Aug 27, 2025",19,1675,0:00:18,96.77,56.53,,,,,,,,,,,0.061,1380,0,3589,9.0622,4,0.102,3100,3.58
 -uL3HWXLr9E,Why Kobe Bryant’s Dark Side Made Him Great,"Oct 16, 2025",17,1658,0:00:16,99.29,59.02,,,,,,,,,,,0.244,830,0,3568,8.1491,2,0.403,6851,4.03
jsD6XfLshF8,The Creator Playbook for the AI Era,"Sep 25, 2025",80,1613,0:00:36,45.18,76,,,,,,,,,,,0.17,829,0,2181,16.3828,17,0.272,13148,4.78
26-1c_h6CDI,The Hidden Advantage of Free Content,"Jan 27, 2026",8,1572,0:00:14,187,56.36,,,,,,,,,,,0.142,1394,0,3981,7.0763,3,0.223,4451,1.86
TPnpif2RQqU,The Future-Proof Skill Stack,"Jan 1, 2026",46,1526,0:00:27,60.58,48.86,,,,,,,,,,,0.152,1019,0,3369,12.4723,20,0.231,6358,3.32
191V19LQ70g,The Podcast of 2026 Is Built for Instagram,"Jan 22, 2026",46,1495,0:00:30,66.87,65.49,,,,,,,,,,,0.165,947,0,2717,13.1185,3,0.246,3912,3.66
GcjH9T39cro,The Most Important Skill in Business (And Life),"Oct 20, 2025",57,1488,0:00:44,77.87,62.55,,,,,,,,,,,0.153,680,0,2771,18.6377,9,0.228,9138,4.13
 -Ezht1fxloI,How a Podcast Host Raised $95M,"Jan 21, 2025",4893,1480,0:13:25,16.46,,,,,,,,9.57,1018,11.614,9.401,4.959,508,0,1480,331.142,10,7.315,17410,4.41
bcH9_i_kJhc,The Benchmark You Set Becomes the Culture You Get,"Nov 21, 2025",18,1467,0:00:16,93.25,61.54,,,,,,,,,,,0.147,1099,0,2896,7.2205,4,0.216,3025,2.51
g5-fLQMsMZg,Why You Avoid Opportunities That Could Change Your Life,"Dec 23, 2025",40,1434,0:00:34,86.68,58.92,,,,,,,,,,,0.226,814,0,2757,14.1596,8,0.324,3343,2.09
OfhrZZBhkdo,Stop Buying Ads Until You Master This Skill,"Dec 10, 2025",23,1411,0:00:18,81.76,66.1,,,,,,,,,,,0.207,1112,0,2537,7.6684,1,0.291,4354,2.16
i6rtu00s_gU,Why Target Consumption Habits Are Your Hidden Growth Hack 🚀,"Dec 3, 2025",25,1406,0:00:23,92.07,54.5,,,,,,,,,,,0.193,1285,0,3161,9.5161,5,0.271,3381,2.16
VtSBgdQDnak,That Big PO Could Break Your Brand,"Aug 3, 2025",53,1391,0:00:34,65.74,65.31,,,,,,,,,,,0.24,812,0,2374,13.7193,5,0.334,1948,2.57
B5RLayjLMNw,Stop Visualizing Success — Do This Instead,"Jan 4, 2026",33,1373,0:00:25,77.16,55.64,,,,,,,,,,,0.13,866,0,2902,10.1358,7,0.179,7412,3.94
6kSi1FjMiec,The fastest way to get noticed by someone like Gary or Hormozi?,"Nov 7, 2025",38,1359,0:00:39,103.17,56.21,,,,,,,,,,,0.233,887,0,2639,15.1882,4,0.316,2561,2.73
uu7D-i7dLtQ,How to Master the Role You Play,"Oct 26, 2025",50,1344,0:00:35,71.74,58.18,,,,,,,,,,,0.223,834,0,2644,13.7086,3,0.3,4209,3.49
1wz24gvK6do,"Robert Greene on Power, Presence, and the Psychology of Success","Oct 14, 2025",68,1339,0:00:42,62.88,65.29,,,,,,,,,,,0.152,513,0,2040,16.1909,13,0.204,8508,4.31
tt8mbndN464,The 5 Content Games Every Business Is Playing (Most Pick the Wrong One),"Feb 3, 2026",130,1335,0:01:13,56.31,77.46,,,,,,,,,,,0.154,663,0,1971,27.2908,10,0.204,15964,4.57
VKh7yk0QPm0,Why Your Hero Product Won’t Scale Your Brand,"Dec 9, 2025",36,1326,0:00:33,91.75,61.93,,,,,,,,,,,0.204,1100,0,2501,12.4639,6,0.27,4700,3.32
5QEcCqTZk38,One of the most well versed operators in direct to consumer…,"Dec 5, 2025",67,1305,0:00:30,46.14,50.7,,,,,,,,,,,0.182,925,0,2564,11.6974,12,0.237,4061,2.39
IFiXIqh28Jg,Branding at its best = uniformity + consistency,"Aug 26, 2025",20,1300,0:00:16,82.63,65.75,,,,,,,,,,,0.147,969,0,2484,6.2171,1,0.191,2097,2.58
noYVzmS-1gQ,My ideal place to work:,"Aug 22, 2025",20,1279,0:00:18,94.76,56.65,,,,,,,,,,,0.195,1102,0,2726,7.1186,6,0.249,2389,2.8
3qQqXx9lWOM,Nothing Is Ever Free,"Oct 21, 2025",21,1243,0:00:27,132.91,63.96,,,,,,,,,,,0.166,714,0,2646,9.9069,6,0.206,5226,3.96
aFQ6NXisBgg,Why Most People Never Change Their Life,"Dec 30, 2025",61,1213,0:00:30,49.42,61.23,,,,,,,,,,,0.194,563,0,1967,10.43,12,0.235,6453,5.63
fS1r2XQNgAo,Why Good Content Still Fails on YouTube,"Jan 25, 2026",32,1161,0:00:21,68.52,55.52,,,,,,,,,,,0.143,754,0,2290,7.4751,3,0.166,3614,2.74
3u4xI2W3d1M,You’re Tracking the Wrong Scoreboard,"Dec 19, 2025",24,1141,0:00:19,80.7,46.59,,,,,,,,,,,0.216,925,0,2677,6.6673,0,0.246,3735,2.89
EZRMoP3lV7k,The Two-Word Definition of Marketing,"Nov 6, 2025",24,1108,0:00:17,72.53,54.47,,,,,,,,,,,0.216,897,0,2288,5.785,3,0.239,2508,2.43
I3r-TRvbpRM,Even Your Dream Life Will Feel Hard Sometimes,"Dec 24, 2025",37,1103,0:00:27,75.18,52.71,,,,,,,,,,,0.198,709,0,2317,8.9356,2,0.218,3914,2.99
yxEGqCSR5UE,The Question That Forces Life Clarity,"Jan 5, 2026",29,1095,0:00:20,70.66,50.65,,,,,,,,,,,0.157,755,0,2402,6.6691,4,0.173,4644,1.98
ApNlu6XtpTw,Why Most People Lose the Content Game,"Jan 29, 2026",68,1075,0:00:25,37.18,67.77,,,,,,,,,,,0.15,496,0,1565,7.7307,6,0.161,9240,3.77
6FpPHjxDtzI,Now live: Ep 11 of @openresidency  with @orenmeetsworld  🧠,"Aug 20, 2025",36,1074,0:00:35,98.77,59.82,,,,,,,,,,,0.161,903,0,2145,10.8459,5,0.173,5629,3.34
Ao3p-uACdSk,Why 800 Views Can Be Worth More Than 1 Million,"Sep 29, 2025",54,1073,0:00:42,78.46,56.05,,,,,,,,,,,0.208,868,0,2199,12.9433,8,0.223,4228,3.43
1KNvjpnXy1I,How Attention Actually Works in Business,"Jan 19, 2026",76,1027,0:00:30,40.55,60.26,,,,,,,,,,,0.147,614,0,1701,9.0811,6,0.151,4467,2.98
jdwL5htvmh0,Hard Decisions Create Easy Lives,"Feb 10, 2026",27,1022,0:00:28,104.29,53.55,,,,,,,,,,,0.209,819,0,2284,8.3329,1,0.131,3012,6.77
udeCkxccbX4,The Harvard Study That Reveals the Secret to a Good Life,"Sep 10, 2025",32,1013,0:00:23,72.81,58.54,,,,,,,,,,,0.234,718,0,1941,6.812,1,0.237,3256,2.24
kWNIH8zPFh8,Marketing is evolving faster than ever.,"Aug 19, 2025",77,1004,0:00:33,43.25,71.97,,,,,,,,,,,0.202,442,0,1393,9.4223,9,0.203,6233,4.8
q8V9slgBd_s,There’s No Such Thing as a Loser Who Wakes Up at 5 AM,"Sep 11, 2025",33,998,0:00:23,70.66,67.73,,,,,,,,,,,0.248,631,0,1693,6.6308,0,0.248,2884,2.5
N8PF7A-KRfM,How Smart Brands Scale Using “Next Best Dollar”,"Dec 8, 2025",22,930,0:00:16,74.09,55.9,,,,,,,,,,,0.208,825,0,1902,4.5271,1,0.193,3419,2.05
pT6MaBIrb_U,Friendly reminder:,"Aug 24, 2025",35,928,0:00:25,72.1,60.95,,,,,,,,,,,0.203,652,0,1747,6.715,7,0.188,2667,3.94
eB1IXZa-2sM,The best founders ask for help early—and often. 🧠,"Aug 13, 2025",40,915,0:00:23,59.32,63.58,,,,,,,,,,,0.186,492,0,1516,6.211,0,0.17,3671,2.86
wjzUjzb_bAw,The Best Platform for B2B Creators (It’s Not What You Think),"Aug 29, 2025",22,905,0:00:21,96.89,56.4,,,,,,,,,,,0.021,691,0,1934,5.5895,3,0.019,4011,2.52
fIVv6TRMfHE,The Power of a Repeatable Format,"Dec 11, 2025",23,901,0:00:17,76.93,56.42,,,,,,,,,,,0.169,661,0,1848,4.7084,4,0.151,3875,2.25
0L4I8uN9I0M,Awareness Without Action Is Useless,"Nov 12, 2025",43,861,0:00:31,72.16,53.44,,,,,,,,,,,0.18,586,0,1723,7.7371,3,0.155,2070,2.66
9fs6K-7Bn-4,One of the most underutilized departments in any company:,"Aug 28, 2025",28,855,0:00:20,73.56,47.49,,,,,,,,,,,0.011,760,0,1905,5.1923,3,0.009,2698,3
st5kmI7cPYM,The Customer Habit That Helped Scale Represent,"Nov 28, 2025",30,839,0:00:16,55.06,53.65,,,,,,,,,,,0.188,679,0,1668,4.1312,1,0.158,3295,1.55
YbKHSm6rb6E,Most Views Don’t Actually Matter,"Jan 26, 2026",45,831,0:00:27,61.69,49,,,,,,,,,,,0.157,601,0,1784,6.7995,1,0.13,4112,2.04
MzX-PxocoPw,The Underdog: How a Protein Startup is taking on Coca-Cola,"Feb 19, 2025",5216,822,0:11:18,13.01,,,,,,,,7.572,551,16.461,13.742,6.366,289,0,822,154.9169,6,5.219,19379,2.36
FQA6DcT34qk,Why Most People Chase the Wrong Goals,"Dec 28, 2025",23,820,0:00:16,71.44,59.32,,,,,,,,,,,0.164,501,0,1587,3.9615,4,0.134,3370,2.88
tA9Auu8glpE,The CEO Behind America's Fastest Growing Beer Brand (Without Alcohol),"Feb 5, 2025",5248,815,0:08:00,9.16,,,,,,,,6.158,511,14.662,12.051,5.111,316,0,815,108.8797,6,4.155,15553,2.85
fWsQd8KPAoM,Would You Still Want It If No One Could See It?,"Sep 12, 2025",45,803,0:00:31,69.03,57.91,,,,,,,,,,,0.207,594,0,1492,7.1447,1,0.166,2732,1.72
w2Z5xqTpmGc,The 7 Building Blocks Behind Every Winning Short-Form Video,"Feb 2, 2026",62,803,0:00:35,57.85,55,,,,,,,,,,,0.174,540,0,1556,8.269,7,0.139,5028,3.04
WVXedULlPIc,The Leadership Trait That Keeps Power Over Time,"Feb 11, 2026",29,801,0:00:28,97.96,65.98,,,,,,,,,,,,477,0,1472,6.4957,1,,1006,4.77
p5h4VqAMzzM,He’s 70 With the Heart of a 40-Year-Old,"Oct 29, 2025",79,788,0:00:36,46.21,58.14,,,,,,,,,,,0.146,435,0,1333,8.2226,4,0.115,3184,2.45
jh65BtjfYn0,Why Your Personal Brand Must Follow Your Work — Not Replace It,"Dec 1, 2025",30,783,0:00:21,70.22,41.93,,,,,,,,,,,0.198,733,0,1979,5.02,1,0.155,3745,2.46
LakZ-Okwy3E,We’ve Overcomplicated Friendship,"Dec 22, 2025",53,776,0:00:36,68.69,55.48,,,,,,,,,,,0.241,508,0,1526,8.0749,2,0.187,4271,2.86
kv0ZvqImiAE,From CMO to CEO: The Hardest Part of the Transition,"Aug 12, 2025",36,765,0:00:24,68.33,56.53,,,,,,,,,,,0.204,550,0,1461,5.4195,2,0.156,2485,3.78
P-Ow04tiP-g,Why Unrealistic Standards Are Ruining Modern Dating,"Dec 20, 2025",46,754,0:00:29,63.94,48.6,,,,,,,,,,,0.21,606,0,1655,6.4891,2,0.158,3541,2.8
h2eLbV9syb0,9 important seconds to take into account when you are creating content..,"Aug 21, 2025",10,750,0:00:12,125.04,50.58,,,,,,,,,,,0.168,665,0,1960,2.8821,2,0.126,1842,2.99
XYfgoueG2LY,Why You Avoid the One Thing That Could Change Your Life,"Dec 17, 2025",83,736,0:00:41,50.16,60.61,,,,,,,,,,,0.178,319,0,1175,8.7335,3,0.131,5442,4.3
46HSfH7pGFY,Grit Beats Talent Every Time,"Sep 4, 2025",46,727,0:00:22,48.03,55.44,,,,,,,,,,,0.217,451,0,1320,4.7055,0,0.158,2402,3.41
bPhmn2BVODA,Why Small Actions Beat Perfection,"Sep 14, 2025",36,722,0:00:23,64.13,50.07,,,,,,,,,,,0.204,555,0,1512,4.9066,2,0.147,3297,2.18
CILG4yOqR90,The Terrifying Future: Brain Chips & Economic Inequality,"Oct 10, 2025",43,698,0:00:35,82.18,50.69,,,,,,,,,,,0.241,509,0,1605,7.1004,2,0.168,3253,1.69
mbsjQncrqzw,College Dorm to Shark Tank to Millions,"Mar 5, 2025",4821,697,0:10:20,12.88,,,,,,,,4.407,348,16.885,12.664,4.851,245,0,697,120.2144,3,3.362,21988,1.93
bFbPweJevbE,How Two College Students Built a $250K Resale Business,"Aug 5, 2025",57,678,0:00:35,62.36,49.38,,,,,,,,,,,0.251,451,0,1387,7.0017,1,0.17,1846,1.46
mgcuVqAWH6E,Why Picking the Right Investors is Everything,"Sep 5, 2025",46,678,0:00:21,46.91,53.81,,,,,,,,,,,0.239,474,0,1256,4.2795,0,0.162,2030,2.02
lgDZGF9sOII,48 Laws of Power is a book that has impacted my life and millions more....,"Oct 13, 2025",11,653,0:00:14,128.2,31.65,,,,,,,,,,,0.119,731,0,2328,3.0651,3,0.078,3719,2.39
squcB_C9dQw,The Future of Creators in the AI Era,"Sep 23, 2025",11,652,0:00:11,108.38,32.77,,,,,,,,,,,0.158,872,0,2248,2.6077,4,0.103,4186,2.75
AIvOgX8MY0Q,The Fashion Industry Is Gatekept — Heaton Breaks It Open,"Dec 2, 2025",38,621,0:00:25,67.11,48.74,,,,,,,,,,,0.172,468,0,1359,4.6748,1,0.107,3847,1.69
BlbbvEiGdKw,The Truth About the Supplement Industry,"Nov 4, 2025",42,615,0:00:22,54.39,49.08,,,,,,,,,,,0.164,510,0,1332,4.132,2,0.101,2188,1.87
mYK00-Gvtkk,Why Work-Life Balance Never Worked for Me,"Jan 23, 2026",28,597,0:00:19,68.09,53.76,,,,,,,,,,,0.161,427,0,1224,3.369,3,0.096,3083,2.76
GRkrA6MEYl4,The Notion System That Makes Creative Campaigns 10x Faster 🚀,"Nov 14, 2025",51,584,0:00:21,43.07,50.62,,,,,,,,,,,0.171,409,0,1154,3.7708,3,0.1,3850,2.16
siHWJB7rsjE,"Heaton’s Rule: Focus on Product, Not Revenue","Nov 29, 2025",30,565,0:00:18,60.4,48.4,,,,,,,,,,,0.186,465,0,1234,3.0659,2,0.105,3540,2.4
xGsXk-NN1nk,"Why Heaton Works, Trains, and Competes With His Team","Nov 30, 2025",38,565,0:00:20,55.22,59.01,,,,,,,,,,,0.209,346,0,1036,3.4429,2,0.118,2787,1.83
sZMf7cqVWtg,Why Your Store Should Run Like a Digital Ad Account,"Nov 19, 2025",37,559,0:00:24,66.44,48.9,,,,,,,,,,,0.181,486,0,1208,4.0439,0,0.101,2614,1.07
ck8Oaxg6V8A,The 5 Types of Wealth That Actually Matter,"Sep 8, 2025",11,551,0:00:11,106.37,28.47,,,,,,,,,,,0.132,698,0,2049,2.2883,1,0.073,2061,1.7
jC4Okm_epjg,The 3-Part Story Every Winning Pitch Needs,"Sep 15, 2025",42,544,0:00:29,69.81,56.68,,,,,,,,,,,0.195,402,0,1058,4.6107,6,0.106,3509,2.65
LFZZLDKyk7w,Why $500 Headphones Don’t Win at the Airport,"Aug 4, 2025",59,539,0:00:29,50.3,63.33,,,,,,,,,,,0.189,387,0,940,4.5516,1,0.102,2656,3.09
nMoUnYFhVfA,Why Your Top-of-Funnel Content Isn’t Working,"Nov 9, 2025",37,536,0:00:21,57.31,42.85,,,,,,,,,,,0.231,441,0,1282,3.4297,0,0.124,2358,2.08
A_zT0kAevUo,Why Second-Time Founders Are the Most Dangerous,"Aug 5, 2025",26,508,0:00:16,64.97,60.82,,,,,,,,,,,0.272,276,0,912,2.5162,1,0.138,1736,2.53
FFoeqOt9_Xk,The Two Keys to Launching a Successful Business,"Aug 5, 2025",39,491,0:00:20,53.19,58.47,,,,,,,,,,,0.23,290,0,887,2.9703,2,0.113,1542,2.4
ymCMfRJmvV0,A Lawsuit Almost Killed Represent,"Nov 25, 2025",70,491,0:00:28,41.06,60.41,,,,,,,,,,,0.187,220,0,798,4.0402,4,0.092,3493,3.15
9j7Cc3d8pYA,Why Nobody Cares About You (and That’s a Good Thing)',"Sep 26, 2025",29,489,0:00:18,63.35,40.59,,,,,,,,,,,0.16,208,0,1228,2.7786,3,0.078,2662,2.4
rwOQysmpyo8,“People Can Lie. Data Doesn’t.”,"Nov 18, 2025",67,434,0:00:24,36.17,52.97,,,,,,,,,,,0.143,326,0,799,3.0764,2,0.062,2149,1.86
JAq--NzO5ZA,Is Happiness Actually a Skill?,"Jan 3, 2026",22,432,0:00:18,85.22,34.13,,,,,,,,,,,0.148,356,0,1298,2.5462,4,0.064,3828,1.83
JM5Ocfus5LM,Why Direction is greater than Speed in Business and Life,"Sep 9, 2025",61,430,0:00:32,52.83,58.85,,,,,,,,,,,0.165,270,0,755,3.9636,3,0.071,1968,2.24
lTZvB03y2F0,The 4 Product Buckets Every Brand Should Know,"Aug 1, 2025",60,403,0:00:36,60.09,57.37,,,,,,,,,,,0.199,297,0,724,4.1484,0,0.08,2361,2.63
mChSQAGZH7I,He’s 70 With the Heart of a 40-Year-Old 🧠 The Science of Nitric Oxide,"Oct 28, 2025",11,400,0:00:11,103.01,28.55,,,,,,,,,,,0.145,530,0,1569,1.5987,3,0.058,2369,1.39
OHBMErPrNCM,Why Most Videos Die at 200 Views (Algorithm Explained),"Feb 4, 2026",107,384,0:00:58,55.06,72.3,,,,,,,,,,,0.276,189,0,583,6.3359,0,0.106,2052,5.51
gEHAWOJ6X5w,Keeping up company culture,"Aug 8, 2025",19,377,0:00:15,83.82,41.69,,,,,,,,,,,0.228,387,0,985,1.8695,0,0.086,1387,1.59
V2_5bNN9xBE,You Can’t Want the Benefit Without the Cost,"Dec 22, 2025",25,376,0:00:16,67.55,35.55,,,,,,,,,,,0.29,407,0,1084,2.0376,0,0.109,2073,1.25
t5lR5p7Nzkk,More Views Isn’t Always Better,"Jan 24, 2026",43,374,0:00:21,50.35,51.59,,,,,,,,,,,0.142,259,0,761,2.3904,1,0.053,2945,1.32
J2ajUnYeeIk,The Biggest Mistake New Founders Make,"Aug 7, 2025",24,369,0:00:23,98.41,42.4,,,,,,,,,,,0.203,312,0,946,2.6026,3,0.075,1548,1.94
ZIlmFtDZVVU,“People can lie. Data doesn’t.”,"Nov 17, 2025",11,347,0:00:10,95.99,25.37,,,,,,,,,,,0.141,565,0,1459,1.3788,0,0.049,1745,0.97
AfYx10o-544,"For operators, marketers, and creators—this one’s for you.","Aug 18, 2025",10,334,0:00:11,112.42,24.27,,,,,,,,,,,0.156,519,0,1434,1.3968,1,0.052,1657,1.99
gZsUWsN-Xqk,What Every Team Leader Needs to Hear from a 9-Figure CEO,"Jul 31, 2025",86,320,0:00:36,42.54,68.34,,,,,,,,,,,0.166,187,0,460,3.3053,2,0.053,2454,3.67
dluh7bm9hAA,How He Raised $95M With NO PLAN,"Jul 2, 2025",543,285,0:02:35,28.59,,,,,,,,2.924,245,16.52,11.935,5.853,81,0,285,12.2911,5,1.668,14928,1.37
mqrQjNOvcms,The Art of Saying No,"Dec 14, 2025",40,284,0:00:24,61.24,68.75,,,,,,,,,,,0.144,123,0,490,1.9784,0,0.041,4050,3.85
NLh7UFkgDzM,Why Learning How to Learn Is the Real Advantage,"Jan 2, 2026",40,281,0:00:31,78.12,60,,,,,,,,,,,0.103,175,0,563,2.5075,2,0.029,5082,2.85
E4mACHmWtcg,One small packaging tweak = 7 figures saved.,"Jun 20, 2025",14,196,0:00:16,114.59,87.44,,,,,,,,,,,0.168,107,0,372,0.8831,1,0.033,4808,3.51
_HgbwDqzgn8,Adderall vs. coffee vs. nootropics—what actually works? ⚖️,"Jun 11, 2025",38,113,0:00:35,92.73,84.85,,,,,,,,,,,0.301,41,0,192,1.1124,0,0.034,1194,4.94
pFAdZQLzt0Y,From $5M to $95M: Ghost’s Next Move,"Jul 27, 2025",51,111,0:00:41,82.23,78.26,,,,,,,,,,,0.207,73,0,201,1.3051,0,0.023,1278,4.3
X4qUMCVC0Rs,The wellness industry thrives on your dopamine hits. 😖,"Jun 25, 2025",37,91,0:00:58,158.29,77.48,,,,,,,,,,,0.189,24,0,163,1.4891,0,0.017,1684,3.74
z9fnau2nVhA,When vibes meet storytelling… you get OMGAdrian.,"Jul 22, 2025",21,88,0:00:19,92.8,67.19,,,,,,,,,,,0.205,34,0,176,0.4941,1,0.018,1762,3.06
XDW9Wq6ZHU4,0 to 1 million is a sacred chapter in any business. 🙏,"Jun 24, 2025",44,69,0:00:29,67.23,86.08,,,,,,,,,,,0.217,45,0,99,0.5706,0,0.015,1782,3.25
tMUHFT1UQ_4,This one toggle could change how you grow on IG.,"Jul 15, 2025",41,69,0:00:37,91.97,83.78,,,,,,,,,,,0.145,35,0,122,0.7289,0,0.01,806,4.22
pTchUNRQ8GQ,You can’t control perception. But you can control positioning.,"Jul 30, 2025",75,57,0:00:57,76.92,66.28,,,,,,,,,,,0.246,39,0,104,0.9251,2,0.014,1473,1.77
CbIS1TOVDwY,"Almost always, the answer is: more creative.","Jun 18, 2025",22,52,0:00:22,100.63,77.78,,,,,,,,,,,0.154,26,0,90,0.323,0,0.008,1678,2.03
V3CBDKHlXp8,Every great CEO lives by a set of systems and principles.,"Jul 29, 2025",11,42,0:00:11,101.52,48.81,,,,,,,,,,,0.143,33,0,102,0.1449,0,0.006,845,1.42
PHL6sSQHwJ0,"Hire slow, fire fast","Mar 5, 2025",31,34,0:00:30,97.46,64,,,,,,,,,,,0.176,16,0,66,0.2933,1,0.006,586,3.24
tT3dWhjOmLg,The $150 Billion Giants You’re Overlooking,"Jul 25, 2025",41,32,0:00:26,63.52,76.19,,,,,,,,,,,0.188,15,0,53,0.2359,0,0.006,670,0.9
koHypKj2_OM,Open Residency pod with True Classic Founder Ryan Bartlett 👕,"Jul 4, 2025",11,31,0:00:20,184.5,60,,,,,,,,,,,0.161,27,0,75,0.1816,0,0.005,1610,1.43
l2FxlmbPfVY,Neuro sold more than energy—it sold focus ⚡️,"Jun 5, 2025",72,30,0:00:40,56.27,83.33,,,,,,,,,,,0.067,11,0,36,0.3404,1,0.002,759,2.9
HMsvB089vXQ,The most unpolished ad format?,"Jun 23, 2025",40,28,0:00:28,72.36,92.59,,,,,,,,,,,0.286,9,0,40,0.2256,0,0.008,679,2.95
uUSX-ObFT58,From $10K to $250K in a day—a 25x explosion after Shark Tank. 🦈,"Jun 26, 2025",27,28,0:00:23,85.33,72.97,,,,,,,,,,,0.214,8,0,49,0.1834,0,0.006,584,1.88
N-4MfP4RhGc,Episode 1: Dee Murthy of Ghost (95+ Million raised),"Feb 18, 2025",11,27,0:00:13,119.99,60.53,,,,,,,,,,,0.148,7,0,58,0.1047,0,0.004,428,5.37
UbLfbQCy-68,Struggling to grow your brand? You’re probably skipping this step. 👇,"Jul 14, 2025",25,23,0:00:21,84.07,81.48,,,,,,,,,,,0.174,16,0,41,0.1362,0,0.004,542,1.11
ZD2rLCGPwmY,"Masogi mindset: one hard thing, once a year. 🎯","Jun 12, 2025",57,21,0:00:45,80.5,84,,,,,,,,,,,0.238,10,0,34,0.2701,0,0.005,530,2.64
0VIyT7lLGdA,From “No Chance” to Our First Term Sheet,"Jul 26, 2025",65,20,0:00:45,70.52,60.61,,,,,,,,,,,0.2,11,0,37,0.2598,0,0.004,656,0.46
7Eewh6SZMsk,Copying what works will only get you so far.,"Jul 20, 2025",42,20,0:00:33,80.28,71.43,,,,,,,,,,,0.15,9,0,36,0.1902,0,0.003,594,1.18
 -F0-N773hxE,Still chasing “perfect” content?,"Jul 13, 2025",65,16,0:00:44,68.81,76.47,,,,,,,,,,,0.125,8,0,26,0.2012,0,0.002,490,1.84
NAVdVDU7ZAs,"The reason Fred Wilson invested Coinbase, Twitter & Ghost","Feb 20, 2025",65,16,0:00:43,66.82,66.67,,,,,,,,,,,0.2,3,0,29,0.1952,0,0.003,553,1.99
sqfpy3P7720,95+ Million raised - What is the future of Ghost?,"Feb 19, 2025",51,16,0:00:29,57.56,72.73,,,,,,,,,,,0.188,2,0,26,0.133,0,0.003,314,2.55
1KBFPmugL88,From media buyer to founder 💡,"Jun 17, 2025",10,14,0:00:10,104.79,70,,,,,,,,,,,0.143,6,0,30,0.0422,0,0.002,831,1.08
FaAoGV4bpdg,The #1 reason your product isn’t going mainstream? Taste.,"Jun 9, 2025",31,14,0:00:25,81.42,73.68,,,,,,,,,,,0.214,4,0,24,0.0991,0,0.003,340,0.29
LPUXvZpCs3g,Ten good videos won’t grow you like one great one can.,"Jul 11, 2025",47,13,0:00:32,69.87,78.57,,,,,,,,,,,0.077,8,0,22,0.12,0,0.001,489,0.41
LaQItOQM9aY,"500+ rejections, unbreakable resolve.","Jul 4, 2025",25,13,0:00:14,57.12,76.47,,,,,,,,,,,0.154,6,0,19,0.0522,0,0.002,449,1.34
kEb-U9gD32o,How hard you work is important.,"Jul 3, 2025",36,13,0:00:24,67.59,76.92,,,,,,,,,,,0.154,8,0,20,0.0894,0,0.002,427,2.11
ujJWK-9dYvw,A masterclass on frameworks and principles behind building a brand with intention.,"Jul 10, 2025",69,13,0:00:31,45.58,66.67,,,,,,,,,,,0.154,8,0,19,0.1167,1,0.002,549,1.82
YnO7k_tADqg,How to stack the odds in your favor...,"Feb 28, 2025",39,12,0:00:41,105.84,75,,,,,,,,,,,0.167,3,0,22,0.1386,0,0.002,293,1.71
x9tLnMtg_KI,"No marketing, no problem","Mar 18, 2025",46,11,0:00:31,68.04,50,,,,,,,,,,,0.182,7,0,22,0.0985,0,0.002,330,0.61
5BaAZqHbouM,OG media buyer turned operator 🧠,"Jun 19, 2025",58,10,0:00:27,48.18,75,,,,,,,,,,,0.1,6,0,14,0.0791,0,0.001,521,1.34
bV417TUsMN8,Rihanna vs Beyonce,"Mar 11, 2025",26,10,0:00:24,92.44,58.82,,,,,,,,,,,0.3,6,0,21,0.0703,0,0.003,287,2.09
j9xUPexI-GU,The best advice for starting a pod...,"Mar 3, 2025",47,10,0:01:01,130.25,83.33,,,,,,,,,,,0.2,5,0,17,0.17,0,0.002,283,1.41
AcsSUsqxg5g,The best advice?,"Jun 27, 2025",35,9,0:00:18,53.15,69.23,,,,,,,,,,,0.222,3,0,11,0.0471,0,0.002,351,0.57
zK_C1sLPNtM,Breathwork - it’s your secret weapon for 20% strength gains & better recovery.,"Jun 28, 2025",31,9,0:00:35,113.59,60,,,,,,,,,,,0.125,6,0,18,0.09,0,0.001,307,2.28
AJyEyJMwbjY,Nana DelRey: Entrepreneurial Accountability & Storytelling With Intent,,1540,8,0:03:09,12.32,,,,,,,,0.017,1,17,17,1.125,0,0,8,0.4217,0,0.009,0,
MeWjfdOEDWw,What if building your brand started with the end in mind?,"Jul 8, 2025",11,8,0:00:11,106.87,66.67,,,,,,,,,,,0.125,2,0,14,0.0277,0,0.001,337,0.59
qO6k5gGyfQc,Your next breakthrough is a conversation away. 🧠,"Jul 2, 2025",29,8,0:00:32,111.42,53.85,,,,,,,,,,,0.25,5,0,20,0.0743,0,0.002,414,0
vPIouNMw4y0,One of the most underrated high-ROI moves?,"Jul 1, 2025",46,8,0:00:32,71.55,70,,,,,,,,,,,0.125,4,0,12,0.0735,0,0.001,362,0.83
DUdVx0NRzZk,$250k arbitrage by 2 University Students,"Feb 21, 2025",57,7,0:00:39,68.61,58.33,,,,,,,,,,,0.286,1,0,13,0.0775,0,0.002,181,1.1
IH1oWiI5uCQ,TikTok made growth possible—without a massive budget. 💥,"Jun 16, 2025",20,7,0:00:12,62.33,66.67,,,,,,,,,,,0.143,4,0,13,0.0247,0,0.001,547,0.73
YKXCVEM5eXw,Why Picking the Right Investors is Everything,"Jul 25, 2025",46,7,0:00:34,73.94,41.18,,,,,,,,,,,0.286,4,0,17,0.0714,0,0.002,471,0.42
Nu-xNXHWckU,"If your brand disappears when the algorithm does, it was never real.","Jul 9, 2025",16,6,0:00:18,114.52,60,,,,,,,,,,,0.167,5,0,13,0.0312,0,0.001,418,0.48
T_RJBirj1A4,A $137 Billion Dollar Market Cap,"Feb 25, 2025",41,6,0:00:35,86.69,66.67,,,,,,,,,,,0.167,2,0,11,0.0594,0,0.001,198,1.01
VaO4TEyaavE,One man’s POV,"Jul 2, 2025",27,6,0:00:15,57.49,42.86,,,,,,,,,,,0.167,6,0,12,0.028,0,0.001,280,1.43
cvGZHosRPbg,The most lethal entrepreneurs are the one's that have been through it...,"Feb 24, 2025",26,6,0:00:20,80.64,66.67,,,,,,,,,,,0.333,1,0,10,0.0352,0,0.002,145,1.38
ROfyJcFYwC4,Most brands max out at $100K/month on TikTok. Here's why. 👇,"Jun 6, 2025",41,5,0:00:22,55.4,57.14,,,,,,,,,,,0.4,1,0,7,0.0325,0,0.002,269,1.12
YAjTOfcFJ0k,How Athletic Brewing was jump started,"Mar 17, 2025",45,5,0:00:13,30.4,71.43,,,,,,,,,,,0.2,1,0,8,0.0203,0,0.001,219,1.37
ef3UXMYRWa4,How to increase your addressable market,"Jul 1, 2025",36,5,0:00:17,47.84,62.5,,,,,,,,,,,0.2,1,0,8,0.0242,0,0.001,284,0.7
ORhgi6RO92k,How big can Ghost be ? 🤔,"Mar 6, 2025",22,4,0:00:28,128.3,50,,,,,,,,,,,0.25,0,0,8,0.0314,0,0.001,145,0
OzqIX8ByutU,"""Just Start"" is killing founders","Feb 26, 2025",24,4,0:00:33,140.46,100,,,,,,,,,,,0.25,0,0,8,0.0375,0,0.001,165,0
nPN365nWhVk,What was the best advice from Mark Cuban?,"Jun 30, 2025",25,4,0:00:20,81.95,40,,,,,,,,,,,0.25,2,0,8,0.0241,0,0.001,265,0.75
-9w8ICNcc5c,Hardest part about being a CEO,"Apr 2, 2025",30,3,0:00:32,108.08,75,,,,,,,,,,,0.333,0,0,6,0.0276,0,0.001,213,0.94
0J1GcQRf_Ac,Dorm room nootropics → $100M+ brand 🧠⚡️,"Jun 3, 2025",10,3,0:00:07,74.94,60,,,,,,,,,,,0.333,0,0,6,0.0076,0,0.001,301,0.33
A207r8ddb5w,"“Show me someone who’s faced real challenges...""","Jun 24, 2025",46,3,0:00:22,48.18,50,,,,,,,,,,,0.333,1,0,5,0.0191,1,0.001,350,0.86
BtcIwpbpN_Y,Investor Reports 101,"Apr 8, 2025",41,3,0:00:32,79.02,28.57,,,,,,,,,,,0,0,0,7,0.0285,0,0,303,0.66
E-oj6B50BK4,Rejection in entrepreneurship,"Apr 9, 2025",40,3,0:00:23,58.92,50,,,,,,,,,,,,0,0,5,0.0207,0,,208,0.48
P2BjSWnk7qQ,Best advice from a CEO,"Mar 14, 2025",33,3,0:00:10,33.25,100,,,,,,,,,,,0.333,1,0,3,0.0091,0,0.001,171,1.75
RF8QarliR1o,"This is something many people, including myself, have struggled with from time to time 🤧","Jul 1, 2025",24,3,0:00:21,87.61,37.5,,,,,,,,,,,0.333,2,0,7,0.0191,0,0.001,295,0.68
Yi_y7Ir_AE0,What are the best type of investors?,"Feb 27, 2025",46,3,0:00:37,80.47,60,,,,,,,,,,,0.333,0,0,5,0.0308,0,0.001,166,0
fu_11TFskws,Episode 2: Bill Shufelt of Athletic Brewing (800+ Million valuation),"Mar 13, 2025",10,3,0:00:10,102.31,60,,,,,,,,,,,0.333,0,0,6,0.0087,0,0.001,295,1.02
jyJaEuhy9K4,You’d Never Kill a $6M Product — And That’s the Problem,,5640,3,0:00:53,0.95,,,,,,,,,,,,,0,0,3,0.0447,0,,7,0
0cF_O2hqgW0,Specialists vs generalists in business,"Mar 31, 2025",41,2,0:00:07,18.3,100,,,,,,,,,,,0.5,0,0,2,0.0042,0,0.001,172,1.16
6aw8QScBCLo,Your favorite brand is on sale !,"Mar 12, 2025",42,2,0:00:21,50.03,66.67,,,,,,,,,,,0,1,0,2,0.0117,0,0,145,1.38
B0qj12FWGDo,Founders secret to success,"Mar 19, 2025",50,2,0:00:22,45.59,40,,,,,,,,,,,0,0,0,2,0.0127,0,0,202,0
Om0CSbdAybE,Best marketing tactics,"Apr 4, 2025",37,2,0:00:36,99.45,66.67,,,,,,,,,,,0,2,0,3,0.0204,0,0,204,0.98
TzUxQHrvrNo,How do you avoid podcast burnout?,"Mar 10, 2025",28,2,0:00:05,18.17,25,,,,,,,,,,,0,0,0,4,0.0041,0,0,183,0
_6nAYqa2N00,The only path to billions.. (in today's e-comm world),"Mar 7, 2025",31,2,0:01:11,229.92,40,,,,,,,,,,,0.5,1,0,7,0.0399,0,0.001,186,0.54
ow1d6JGK6iI,You can’t 100x your output. But a team can. 💼,"Jun 4, 2025",49,2,0:00:28,57.93,50,,,,,,,,,,,0.5,0,0,3,0.0158,0,0.001,208,0.48
wLLeqRWt-6I,"When opportunity knocks, don't hesitate...","Mar 6, 2025",45,2,0:00:06,14.98,40,,,,,,,,,,,0,0,0,4,0.0051,0,0,148,0.68
B7Lax46Hl9o,Investors for added perspective,"Mar 28, 2025",37,1,0:00:09,24.71,100,,,,,,,,,,,0,0,0,1,0.0025,0,0,161,0.62
OtiEQdxn6Tg,Keeping up company culture,"Mar 24, 2025",19,1,0:00:05,26.74,33.33,,,,,,,,,,,0,0,0,1,0.0014,0,0,209,0.48
kuQC57swAbw,Quit his job to start $800M+ company,"Mar 26, 2025",52,1,0:00:52,100.33,50,,,,,,,,,,,0,1,0,3,0.0153,0,0,197,0.51
u3gN2a7QVhU,Key in on that one idea!,"Apr 1, 2025",35,1,0:00:11,33.14,,,,,,,,,,,,,1,0,1,0.0032,0,,171,0.58
I6K4VzNOypI,Alignment on goals is #1!,"Apr 7, 2025",19,0,,,0,,,,,,,,,,,,0,0,0,0,0,,193,0
LU3FC1ZPJe4,Signs of a great new hire!,"Mar 20, 2025",21,0,,,0,,,,,,,,,,,,0,0,0,0,0,,188,0
YNVyrgGs17I,Creating community is the key! 🔑,"Mar 25, 2025",32,0,,,0,,,,,,,,,,,,0,0,0,0,0,,174,0
klzTx80eeJM,How to find your perfect team!,"Mar 21, 2025",47,0,,,0,,,,,,,,,,,,0,0,1,0.0002,0,,174,0
Lhf-1qRCvoU,The 7 Building Blocks Behind Every Winning Short-Form Video,"Feb 2, 2026",50,,,,,,,,,,,,,,,,0,0,,,,,12,0
R1fvLNcnwrA,Mission over everything!,"Mar 27, 2025",33,,,,,,,,,,,,,,,,0,0,,,,,184,0
VpZUZTg1i-8,"""The #1 reason your product isn’t going mainstream? Taste.","Jun 9, 2025",31,,,,,,,,,,,,,,,,0,0,,,,,2,0
iEUJOrVNY88,When to take that leap!,"Apr 3, 2025",38,,,,,,,,,,,,,,,,0,0,,,,,165,0
sI57tnhlRG0,The fastest way to get noticed by someone like Gary or Hormozi?,"Jul 11, 2025",38,,,,,,,,,,,,,,,,0,0,,,,,2,0
sz1n4_ZKPq8,"What if one video could make $250,000? This one did. 📊","Jun 6, 2025",24,,,,,,,,,,,,,,,,0,0,,,,,2,0
wXXinU5e3PU,Hard Decisions Create Easy Lives,,27,,,,,,,,,,,,,,,,0,0,,,,,2,0
